var0, var1, var2, var3, var4, var5, var6, var7, var8, var9, var10, var11, var12, var13, var14, var15, var16, var17, var18, var19, var20, var21, var22, var23, var24, var25, var26, var27, var28, var29, var30, var31, var32, var33, var34, var35, var36, var37, var38, var39, var40, var41, var42, var43, var44, var45, var46, var47, var48, var49, var50, var51, var52, var53, var54, var55, var56, var57, var58, var59, var60, var61, var62, var63, var64, var65, var66, var67, var68, var69, var70, var71, var72, var73, var74, var75, var76, var77, var78, var79, var80, var81, var82, var83, var84, var85, var86, var87, var88, var89, var90, var91, var92, var93, var94, var95, var96, var97, var98, var99, var100, var101, var102, var103, var104, var105, var106, var107, var108, var109, var110, var111, var112, var113, var114, var115, var116, var117, var118, var119, var120, var121, var122, var123, var124, var125, var126, var127, var128, var129, var130, var131, var132, var133, var134, var135, var136, var137, var138, var139, var140, var141, var142, var143, var144, var145, var146, var147, var148, var149, var150, var151, var152, var153, var154, var155, var156, var157, var158, var159, var160, var161, var162, var163, var164, var165, var166, var167, var168, var169, var170, var171, var172, var173, var174, var175, var176, var177, var178, var179, var180, var181, var182, var183, var184, var185, var186, var187, var188, var189, var190, var191, var192, var193, var194, var195, var196, var197, var198, var199, var200, var201, var202, var203, var204, var205, var206, var207, var208, var209, var210, var211, var212, var213, var214, var215, var216, var217, var218, var219, var220, var221, var222, var223, var224, var225, var226, var227, var228, var229, var230, var231, var232, var233, var234, var235, var236, var237, var238, var239, var240, var241, var242, var243, var244, var245, var246, var247, var248, var249, var250, var251, var252, var253, var254, var255, var256, var257, var258, var259, var260, var261, var262, var263, var264, var265, var266, var267, var268, var269, var270, var271, var272, var273, var274, var275, var276, var277, var278, var279, var280, var281, var282, var283, var284, var285, var286, var287, var288, var289, var290, var291, var292, var293, var294, var295, var296, var297, var298, var299, var300, var301, var302, var303, var304, var305, var306, var307, var308, var309, var310, var311, var312, var313, var314, var315, var316, var317, var318, var319, var320, var321, var322, var323, var324, var325, var326, var327, var328, var329, var330, var331, var332, var333, var334, var335, var336, var337, var338, var339, var340, var341, var342, var343, var344, var345, var346, var347, var348, var349, var350, var351, var352, var353, var354, var355, var356, var357, var358, var359, var360, var361, var362, var363, var364, var365, var366, var367, var368, var369, var370, var371, var372, var373, var374, var375, var376, var377, var378, var379, var380, var381, var382, var383, var384, var385, var386, var387, var388, var389, var390, var391, var392, var393, var394, var395, var396, var397, var398, var399, var400, var401, var402, var403, var404, var405, var406, var407, var408, var409, var410, var411, var412, var413, var414, var415, var416, var417, var418, var419, var420, var421, var422, var423, var424, var425, var426, var427, var428, var429, var430, var431, var432, var433, var434, var435, var436, var437, var438, var439, var440, var441, var442, var443, var444, var445, var446, var447, var448, var449, var450, var451, var452, var453, var454, var455, var456, var457, var458, var459, var460, var461, var462, var463, var464, var465, var466, var467, var468, var469, var470, var471, var472, var473, var474, var475, var476, var477, var478, var479, var480, var481, var482, var483, var484, var485, var486, var487, var488, var489, var490, var491, var492, var493, var494, var495, var496, var497, var498, var499, var500, var501, var502, var503, var504, var505, var506, var507, var508, var509, var510, var511, var512, var513, var514, var515, var516, var517, var518, var519, var520, var521, var522, var523, var524, var525, var526, var527, var528, var529, var530, var531, var532, var533, var534, var535, var536, var537, var538, var539, var540, var541, var542, var543, var544, var545, var546, var547, var548, var549, var550, var551, var552, var553, var554, var555, var556, var557, var558, var559, var560, var561, var562, var563, var564, var565, var566, var567, var568, var569, var570, var571, var572, var573, var574, var575, var576, var577, var578, var579, var580, var581, var582, var583, var584, var585, var586, var587, var588, var589, var590, var591, var592, var593, var594, var595, var596, var597, var598, var599, var600, var601, var602, var603, var604, var605, var606, var607, var608, var609, var610, var611, var612, var613, var614, var615, var616, var617, var618, var619, var620, var621, var622, var623, var624, var625, var626, var627, var628, var629, var630, var631, var632, var633, var634, var635, var636, var637, var638, var639, var640, var641, var642, var643, var644, var645, var646, var647, var648, var649, var650, var651, var652, var653, var654, var655, var656, var657, var658, var659, var660, var661, var662, var663, var664, var665, var666, var667, var668, var669, var670, var671, var672, var673, var674, var675, var676, var677, var678, var679, var680, var681, var682, var683, var684, var685, var686, var687, var688, var689, var690, var691, var692, var693, var694, var695, var696, var697, var698, var699, var700, var701, var702, var703, var704, var705, var706, var707, var708, var709, var710, var711, var712, var713, var714, var715, var716, var717, var718, var719, var720, var721, var722, var723, var724, var725, var726, var727, var728, var729, var730, var731, var732, var733, var734, var735, var736, var737, var738, var739, var740, var741, var742, var743, var744, var745, var746, var747, var748, var749, var750, var751, var752, var753, var754, var755, var756, var757, var758, var759, var760, var761, var762, var763, var764, var765, var766, var767, var768, var769, var770, var771, var772, var773, var774, var775, var776, var777, var778, var779, var780, var781, var782, var783, var784, var785, var786, var787, var788, var789, var790, var791, var792, var793, var794, var795, var796, var797, var798, var799, var800, var801, var802, var803, var804, var805, var806, var807, var808, var809, var810, var811, var812, var813, var814, var815, var816, var817, var818, var819, var820, var821, var822, var823, var824, var825, var826, var827, var828, var829, var830, var831, var832, var833, var834, var835, var836, var837, var838, var839, var840, var841, var842, var843, var844, var845, var846, var847, var848, var849, var850, var851, var852, var853, var854, var855, var856, var857, var858, var859, var860, var861, var862, var863, var864, var865, var866, var867, var868, var869, var870, var871, var872, var873, var874, var875, var876, var877, var878, var879, var880, var881, var882, var883, var884, var885, var886, var887, var888, var889, var890, var891, var892, var893, var894, var895, var896, var897, var898, var899, var900, var901, var902, var903, var904, var905, var906, var907, var908, var909, var910, var911, var912, var913, var914, var915, var916, var917, var918, var919, var920, var921, var922, var923, var924, var925, var926, var927, var928, var929, var930, var931, var932, var933, var934, var935, var936, var937, var938, var939, var940, var941, var942, var943, var944, var945, var946, var947, var948, var949, var950, var951, var952, var953, var954, var955, var956, var957, var958, var959, var960, var961, var962, var963, var964, var965, var966, var967, var968, var969, var970, var971, var972, var973, var974, var975, var976, var977, var978, var979, var980, var981, var982, var983, var984, var985, var986, var987, var988, var989, var990, var991, var992, var993, var994, var995, var996, var997, var998, var999, var1000, var1001, var1002, var1003, var1004, var1005, var1006, var1007, var1008, var1009, var1010, var1011, var1012, var1013, var1014, var1015, var1016, var1017, var1018, var1019, var1020, var1021, var1022, var1023,  name
0, 0, 0, 0, 0, 0, 0, 0, 0, 0, 0, 0, 0, 0, 0, 0, 0, 0, 0, 0, 0, 0, 0, 0, 0, 0, 0, 0, 0, 0, 0, 0, 0, 0, 0, 0, 0, 0, 0, 0, 0, 0, 0, 0, 0, 0, 0, 0, 0, 0, 0, 0, 0, 0, 0, 0, 0, 0, 0, 0, 0, 0, 0, 0, 0, 0, 0, 0, 0, 0, 0, 0, 0, 0, 0, 0, 0, 0, 0, 0, 0, 0, 0, 0, 0, 0, 0, 0, 0, 0, 0, 0, 0, 0, 0, 0, 0, 0, 0, 0, 0, 0, 0, 0, 0, 0, 0, 0, 0, 0, 0, 0, 0, 0, 0, 0, 0, 0, 0, 0, 0, 0, 0, 0, 0, 0, 0, 0, 0, 0, 0, 0, 0, 0, 0, 0, 0, 0, 0, 0, 0, 0, 0, 0, 0, 0, 0, 0, 0, 0, 0, 0, 0, 0, 0, 0, 0, 0, 0, 0, 0, 0, 0, 0, 0, 0, 0, 0, 0, 0, 0, 0, 0, 0, 0, 0, 0, 0, 0, 0, 0, 0, 0, 0, 0, 0, 0, 0, 0, 0, 0, 0, 0, 0, 0, 0, 0, 0, 0, 0, 0, 0, 0, 0, 0, 0, 0, 0, 0, 0, 0, 0, 0, 0, 0, 0, 0, 0, 0, 0, 0, 0, 0, 0, 0, 0, 0, 0, 0, 0, 0, 0, 0, 0, 0, 0, 0, 0, 0, 0, 0, 0, 0, 0, 0, 0, 0, 0, 0, 0, 0, 0, 0, 0, 0, 0, 0, 0, 0, 0, 0, 0, 0, 0, 0, 0, 0, 0, 0, 0, 0, 0, 0, 0, 0, 0, 0, 0, 0, 0, 0, 0, 0, 0, 0, 0, 0, 0, 0, 0, 0, 0, 0, 0, 0, 0, 0, 0, 0, 0, 0, 0, 0, 0, 0, 0, 0, 0, 0, 0, 0, 0, 0, 0, 0, 0, 0, 0, 0, 0, 0, 0, 0, 0, 0, 0, 0, 0, 0, 0, 0, 0, 0, 0, 0, 0, 0, 0, 0, 0, 0, 0, 0, 0, 0, 0, 0, 0, 0, 0, 0, 0, 0, 0, 0, 0, 0, 0, 0, 0, 0, 0, 0, 0, 0, 0, 0, 0, 0, 0, 0, 0, 0, 0, 0, 0, 0, 0, 0, 0, 0, 0, 0, 0, 0, 0, 0, 0, 0, 0, 0, 0, 0, 0, 0, 0, 0, 0, 0, 0, 0, 0, 0, 0, 0, 0, 0, 0, 0, 0, 0, 0, 0, 0, 0, 0, 0, 0, 0, 0, 0, 0, 0, 0, 0, 0, 0, 0, 0, 0, 0, 0, 0, 0, 0, 0, 0, 0, 0, 0, 0, 0, 0, 0, 0, 0, 0, 0, 0, 0, 0, 0, 0, 0, 0, 0, 0, 0, 0, 0, 0, 0, 0, 0, 0, 0, 0, 0, 0, 0, 0, 0, 0, 0, 0, 0, 0, 0, 0, 0, 0, 0, 0, 0, 0, 0, 0, 0, 0, 0, 0, 0, 0, 0, 0, 0, 0, 0, 0, 0, 0, 0, 0, 0, 0, 0, 0, 0, 0, 0, 0, 0, 0, 0, 0, 0, 0, 0, 0, 0, 0, 0, 0, 0, 0, 0, 0, 0, 0, 0, 0, 0, 0, 0, 0, 0, 0, 0, 0, 0, 0, 0, 0, 0, 0, 0, 0, 0, 0, 0, 0, 0, 0, 0, 0, 0, 0, 0, 0, 0, 0, 0, 0, 0, 0, 0, 0, 0, 0, 0, 0, 0, 0, 0, 0, 0, 0, 0, 0, 0, 0, 0, 0, 0, 0, 0, 0, 0, 0, 0, 0, 0, 0, 0, 0, 0, 0, 0, 0, 0, 0, 0, 0, 0, 0, 0, 0, 0, 0, 0, 0, 0, 0, 0, 0, 0, 0, 0, 0, 0, 0, 0, 0, 0, 0, 0, 0, 0, 0, 0, 0, 0, 0, 0, 0, 0, 0, 0, 0, 0, 0, 0, 0, 0, 0, 0, 0, 0, 0, 0, 0, 0, 0, 0, 0, 0, 0, 0, 0, 0, 0, 0, 0, 0, 0, 0, 0, 0, 0, 0, 0, 0, 0, 0, 0, 0, 0, 0, 0, 0, 0, 0, 0, 0, 0, 0, 0, 0, 0, 0, 0, 0, 0, 0, 0, 0, 0, 0, 0, 0, 0, 0, 0, 0, 0, 0, 0, 0, 0, 0, 0, 0, 0, 0, 0, 0, 0, 0, 0, 0, 0, 0, 0, 0, 0, 0, 0, 0, 0, 0, 0, 0, 0, 0, 0, 0, 0, 0, 0, 0, 0, 0, 0, 0, 0, 0, 0, 0, 0, 0, 0, 0, 0, 0, 0, 0, 0, 0, 0, 0, 0, 0, 0, 0, 0, 0, 0, 0, 0, 0, 0, 0, 0, 0, 0, 0, 0, 0, 0, 0, 0, 0, 0, 0, 0, 0, 0, 0, 0, 0, 0, 0, 0, 0, 0, 0, 0, 0, 0, 0, 0, 0, 0, 0, 0, 0, 0, 0, 0, 0, 0, 0, 0, 0, 0, 0, 0, 0, 0, 0, 0, 0, 0, 0, 0, 0, 0, 0, 0, 0, 0, 0, 0, 0, 0, 0, 0, 0, 0, 0, 0, 0, 0, 0, 0, 0, 0, 0, 0, 0, 0, 0, 0, 0, 0, 0, 0, 0, 0, 0, 0, 0, 0, 0, 0, 0, 0, 0, 0, 0, 0, 0, 0, 0, 0, 0, 0, 0, 0, 0, 0, 0, 0, 0, 0, 0, 0, 0, 0, 0, 0, 0, 0, 0, 0, 0, 0, 0, 0, 0, 0, 0, 0, 0, 0, 0, 0, 0, 0, 0, 0, 0, 0, 0, 0, 0, 0, 0, 0, 0, 0, 0, 0, 0, 0, 0, 0, 0, 0, 0, 0, 0, 0, 0, 0, 0, 0, 0, 0, 0, 0, 0, 0, 0, 0, 0, 0, 0, 0, 0, 0, 0, 0, 0, 0, 0, 0, 0, 0, 0, 0, 0, 0, 0, 0, 0, 0, 0, 0, 0, 0, 0, 0, 0, 0, 0, 0, 0, 0, 0, 0, 0, 0, 0, 0, 0, 0, 0, 0, 0, 0, 0, 0, 0, 0, 0, 0, 0, 0, 0, 0, 0, 0, 0, 0, 0, 0, 0, 0, 0, 0, 0, 0, 0, 0, 0, 0, 0, 0, 0, 0, 0, 0, 0, y
107, 8, 45, 12, 20, 3, 21, 24, 14, 2, 18, 29, 3, 0, 11, 24, 29, 6, 12, 3, 27, 3, 42, 76, 0, 1, 3, 5, 1, 0, 16, 11, 9, 6, 14, 1, 14, 1, 7, 8, 19, 9, 25, 198, 13, 5, 23, 80, 2, 3, 1, 0, 3, 0, 10, 6, 6, 6, 5, 11, 1, 5, 7, 5, 21, 10, 4, 7, 18, 2, 10, 5, 1, 0, 1, 4, 1, 1, 2, 1, 15, 0, 1, 2, 36, 0, 10, 3, 3, 2, 0, 2, 0, 4, 0, 1, 30, 1, 4, 5, 17, 2, 9, 3, 40, 1, 1, 16, 12, 1, 8, 35, 6, 0, 6, 0, 27, 2, 1, 3, 3, 3, 1, 3, 14, 8, 0, 15, 1, 1, 7, 5, 3, 2, 1, 3, 3, 2, 2, 19, 5, 1, 1, 3, 18, 1, 2, 4, 32, 0, 23, 1, 4, 5, 3, 2, 7, 0, 4, 40, 2, 0, 2, 1, 0, 3, 5, 0, 0, 2, 1, 45, 2, 1, 3, 2, 1, 2, 2, 2, 6, 0, 14, 10, 5, 0, 5, 10, 3, 1, 11, 10, 29, 3, 6, 1, 5, 1, 7, 3, 0, 9, 2, 4, 2, 1, 2, 2, 115, 4, 4, 6, 404, 18, 38, 8, 3, 5, 0, 9, 6, 20, 6, 43, 6, 1, 4, 6, 0, 2, 2, 4, 62, 3, 2, 12, 10, 2, 1, 4, 53, 3, 5, 2, 123, 9, 28, 43, 27, 11, 6, 10, 28, 51, 20, 169, 99, 14, 33, 29, 8, 2, 10, 4, 34, 19, 8, 61, 8, 6, 1, 25, 30, 7, 1, 4, 9, 1, 24, 5, 11, 6, 3, 11, 0, 7, 7, 23, 15, 2, 1, 3, 1, 1, 2, 5, 38, 72, 2, 40, 0, 0, 11, 42, 3, 4, 2, 2, 11, 3, 4, 4, 4, 3, 3, 7, 10, 2, 8, 57, 50, 4, 1, 8, 1, 1, 3, 7, 8, 12, 8, 5, 6, 6, 3, 0, 3, 9, 4, 4, 3, 6, 6, 1, 2, 5, 0, 1, 1, 1, 3, 9, 48, 2, 1, 1, 19, 3, 1, 2, 80, 105, 7, 112, 12, 4, 8, 58, 5, 2, 6, 2, 7, 2, 0, 4, 11, 12, 2, 3, 18, 21, 1, 25, 18, 6, 8, 12, 5, 5, 14, 3, 15, 8, 1, 12, 1, 1, 3, 1, 43, 2, 7, 6, 41, 3, 24, 41, 9, 9, 1, 11, 4, 4, 7, 12, 5, 4, 6, 1, 0, 0, 1, 3, 12, 5, 2, 1, 2, 1, 0, 4, 8, 1, 4, 1, 2, 0, 8, 0, 8, 7, 4, 9, 12, 3, 10, 24, 59, 12, 10, 17, 1, 0, 4, 4, 13, 4, 2, 19, 2, 1, 1, 2, 61, 0, 8, 6, 51, 2, 24, 9, 21, 8, 4, 4, 12, 0, 4, 11, 56, 1, 1, 0, 2, 0, 1, 11, 41, 124, 4, 75, 6, 6, 12, 45, 33, 6, 4, 13, 85, 7, 38, 40, 69, 81, 2, 45, 71, 44, 35, 148, 146, 1, 4, 32, 11, 1, 0, 57, 82, 45, 2, 66, 0, 1, 1, 104, 58, 7, 1, 2, 22, 6, 11, 49, 9, 11, 3, 9, 11, 8, 10, 113, 33, 3, 11, 17, 3, 2, 2, 0, 35, 35, 19, 33, 2, 4, 0, 56, 6, 2, 2, 5, 7, 1, 0, 10, 24, 4, 4, 6, 7, 4, 5, 72, 48, 10, 4, 5, 3, 5, 0, 12, 25, 18, 5, 1, 1, 2, 4, 10, 10, 0, 1, 1, 12, 0, 2, 7, 5, 4, 1, 2, 2, 0, 1, 15, 34, 4, 5, 21, 9, 1, 13, 2, 4, 321, 18, 3, 8, 3, 4, 71, 13, 5, 1, 3, 22, 5, 0, 5, 18, 4, 7, 2, 6, 12, 2, 49, 3, 2, 4, 1, 5, 5, 2, 4, 1, 10, 2, 8, 4, 0, 5, 0, 11, 4, 19, 1, 29, 1, 282, 19, 14, 6, 2, 13, 2, 3, 6, 59, 5, 2, 11, 1, 1, 0, 5, 6, 7, 8, 1, 1, 0, 1, 2, 6, 2, 6, 2, 6, 2, 3, 26, 9, 16, 10, 1, 19, 3, 1, 2, 20, 41, 2, 2, 12, 4, 1, 3, 11, 3, 16, 2, 16, 3, 1, 3, 4, 14, 12, 13, 3, 112, 2, 88, 13, 19, 11, 3, 2, 6, 1, 10, 29, 24, 7, 2, 10, 2, 0, 4, 17, 64, 17, 16, 62, 13, 14, 2, 88, 82, 9, 7, 15, 32, 6, 51, 112, 67, 73, 2, 44, 46, 34, 5, 295, 138, 6, 55, 37, 10, 2, 11, 12, 9, 23, 19, 134, 3, 5, 1, 28, 17, 1, 3, 3, 28, 6, 39, 25, 5, 6, 3, 4, 7, 4, 7, 8, 16, 1, 11, 5, 8, 1, 10, 2, 34, 2, 7, 316, 1, 4, 6, 134, 0, 2, 1, 5, 10, 1, 2, 4, 2, 5, 3, 3, 0, 8, 7, 31, 61, 9, 8, 12, 2, 7, 25, 1, 10, 3, 1, 0, 0, 2, 2, 11, 25, 3, 3, 3, 2, 1, 0, 1, 3, 0, 1, 1, 2, 1, 1, 3, 20, 0, 22, 8, 6, 0, 11, 7, 53, 87, 17, 199, 10, 16, 12, 97, 10, 3, 13, 3, 11, 18, 12, 2, 14, 6, 2, 7, 16, 4, 7, 21, 2, 1, 5, 3, 1, 4, 0, 5, 3, 14, 1, 5, 1, 2, 1, 6, 2, 2, 13, 10, 77, 1, 298, 53, 11, 6, 5, 9, 6, 2, 4, 11, 2, 0, 0, 2, 1, 0, 5, 3, 0, 11, 0, 23, 2, 1, 3, 4, 1, 2, 2, 1, 1, 6, 4, 5, 0, 1, 2, 2, 3, 1, 12, 23, 36, 11, 7, 4, 5, 2, 5, 8, 0, 17, 1, 0, 1, 2, 1, 13, 3, 6, 10, 1, 13, 9, 151, 12, 5, 13, 1, 10, 4, 5, 8, 7, 54, 4, 6, 5, 6, 2, 7, 7, 169, 81, 14, 61, 9, 6, 16, 45, 115, 4, 1, 2, 55, 6, 10, 58, 152, 34, 6, 54, 0, 30, 29, 187, y
131, 2, 32, 12, 28, 1, 10, 19, 16, 3, 22, 5, 9, 4, 9, 72, 17, 10, 6, 3, 22, 9, 41, 21, 8, 3, 0, 5, 5, 9, 13, 16, 11, 1, 21, 1, 14, 2, 6, 2, 19, 15, 25, 132, 8, 3, 32, 24, 2, 1, 1, 2, 4, 3, 2, 7, 10, 1, 4, 6, 1, 2, 4, 22, 52, 1, 3, 4, 23, 2, 3, 10, 1, 14, 4, 2, 3, 1, 2, 0, 12, 2, 1, 1, 59, 1, 6, 4, 4, 3, 2, 1, 1, 4, 2, 4, 35, 1, 3, 4, 19, 0, 6, 9, 66, 80, 9, 21, 11, 13, 9, 9, 1, 4, 4, 3, 21, 5, 1, 1, 3, 7, 2, 8, 9, 2, 1, 17, 19, 1, 2, 0, 4, 3, 2, 4, 2, 1, 1, 15, 0, 1, 0, 1, 34, 11, 5, 6, 5, 6, 130, 9, 4, 6, 0, 7, 6, 4, 2, 11, 8, 3, 5, 1, 1, 1, 2, 5, 6, 6, 3, 48, 0, 2, 1, 2, 8, 1, 3, 3, 12, 2, 12, 0, 8, 5, 8, 17, 4, 8, 6, 6, 48, 3, 4, 2, 11, 0, 5, 2, 2, 15, 0, 9, 1, 1, 1, 8, 97, 23, 3, 2, 316, 39, 21, 13, 5, 2, 0, 7, 3, 29, 10, 46, 11, 0, 2, 1, 1, 0, 1, 5, 22, 37, 1, 28, 3, 1, 3, 14, 44, 7, 7, 1, 124, 5, 51, 41, 19, 16, 9, 25, 33, 67, 17, 230, 124, 26, 32, 31, 15, 7, 19, 18, 37, 18, 7, 0, 7, 1, 2, 33, 40, 10, 18, 4, 30, 3, 93, 173, 3, 3, 4, 3, 2, 4, 2, 26, 1, 1, 1, 5, 0, 3, 2, 3, 40, 28, 6, 100, 4, 0, 3, 9, 6, 2, 3, 5, 9, 1, 14, 3, 5, 5, 4, 9, 4, 1, 16, 78, 41, 23, 8, 6, 2, 1, 6, 5, 1, 22, 1, 2, 0, 1, 1, 1, 9, 0, 2, 7, 6, 5, 10, 6, 7, 5, 7, 1, 3, 5, 4, 9, 62, 2, 3, 1, 15, 2, 4, 0, 189, 206, 1, 47, 17, 27, 2, 57, 4, 3, 3, 2, 4, 3, 13, 4, 1, 7, 3, 0, 13, 0, 5, 44, 32, 6, 14, 5, 3, 1, 4, 8, 10, 4, 3, 0, 4, 3, 3, 16, 27, 3, 33, 20, 18, 1, 177, 108, 12, 2, 1, 1, 5, 3, 11, 18, 1, 3, 5, 1, 1, 0, 2, 3, 8, 4, 1, 3, 3, 1, 1, 2, 5, 1, 1, 2, 1, 1, 15, 10, 9, 3, 0, 6, 7, 11, 16, 5, 49, 4, 0, 8, 3, 1, 9, 8, 3, 2, 2, 4, 3, 2, 2, 11, 8, 7, 6, 8, 36, 4, 5, 36, 8, 6, 1, 15, 4, 4, 6, 32, 70, 7, 1, 2, 2, 0, 3, 3, 284, 167, 13, 36, 11, 22, 5, 3, 10, 5, 2, 9, 6, 5, 15, 4, 74, 12, 4, 35, 28, 21, 25, 138, 148, 2, 17, 17, 6, 1, 9, 43, 38, 31, 10, 31, 7, 1, 1, 79, 61, 4, 17, 2, 24, 2, 79, 79, 10, 4, 1, 0, 0, 7, 4, 93, 10, 4, 4, 3, 5, 0, 2, 2, 6, 80, 2, 122, 9, 1, 0, 24, 6, 3, 5, 7, 9, 0, 9, 11, 15, 5, 3, 8, 3, 0, 10, 74, 23, 2, 15, 3, 6, 0, 5, 9, 24, 5, 8, 2, 5, 3, 5, 9, 7, 1, 4, 3, 6, 0, 4, 6, 1, 3, 1, 5, 2, 3, 0, 20, 3, 4, 1, 12, 9, 3, 10, 6, 9, 27, 10, 118, 10, 9, 5, 35, 9, 5, 0, 1, 14, 5, 6, 11, 1, 3, 1, 7, 3, 4, 2, 55, 23, 1, 8, 7, 5, 0, 7, 1, 4, 9, 6, 8, 1, 3, 4, 12, 27, 16, 2, 7, 40, 5, 3, 92, 11, 1, 2, 13, 2, 3, 3, 45, 4, 1, 3, 3, 0, 0, 1, 4, 7, 9, 1, 1, 2, 3, 1, 2, 5, 0, 1, 1, 1, 4, 14, 5, 9, 8, 1, 6, 3, 3, 3, 29, 65, 12, 6, 7, 7, 1, 9, 3, 11, 5, 0, 12, 2, 1, 5, 10, 41, 5, 12, 9, 215, 11, 90, 58, 13, 6, 2, 3, 1, 9, 4, 26, 7, 5, 3, 8, 1, 0, 1, 14, 72, 18, 8, 3, 8, 7, 8, 16, 38, 7, 2, 10, 45, 5, 37, 80, 14, 21, 3, 20, 36, 18, 59, 191, 121, 5, 43, 25, 24, 0, 40, 32, 13, 4, 10, 118, 1, 2, 1, 48, 15, 7, 9, 5, 50, 8, 46, 33, 2, 7, 1, 1, 9, 0, 3, 59, 31, 5, 11, 4, 11, 0, 7, 8, 39, 34, 21, 382, 5, 6, 5, 132, 3, 0, 0, 4, 8, 1, 4, 9, 4, 2, 0, 1, 7, 10, 7, 3, 78, 6, 7, 5, 10, 2, 17, 6, 5, 3, 0, 16, 0, 5, 3, 2, 27, 2, 4, 8, 11, 5, 7, 17, 20, 22, 5, 18, 18, 1, 9, 4, 37, 2, 15, 2, 16, 4, 16, 6, 31, 62, 14, 154, 3, 7, 1, 3, 10, 1, 7, 2, 27, 17, 7, 4, 11, 6, 3, 10, 20, 4, 4, 40, 22, 3, 7, 6, 3, 4, 2, 5, 1, 6, 3, 7, 2, 2, 1, 2, 20, 4, 8, 6, 18, 1, 152, 34, 7, 15, 6, 2, 6, 6, 1, 10, 4, 1, 1, 1, 1, 0, 3, 0, 5, 3, 1, 29, 3, 2, 0, 6, 8, 0, 1, 3, 1, 3, 12, 1, 6, 1, 1, 3, 9, 7, 7, 8, 49, 1, 9, 7, 4, 0, 15, 6, 0, 8, 1, 7, 1, 1, 0, 4, 125, 13, 24, 2, 242, 6, 120, 5, 10, 8, 1, 9, 6, 6, 9, 12, 61, 1, 3, 0, 7, 2, 2, 2, 137, 78, 7, 9, 6, 5, 6, 18, 181, 9, 2, 2, 180, 23, 58, 15, 126, 31, 1, 25, 15, 53, 17, 177, y
90, 4, 62, 30, 12, 8, 17, 9, 1, 3, 22, 147, 6, 1, 13, 121, 26, 12, 4, 1, 6, 8, 2, 45, 10, 1, 1, 3, 2, 9, 11, 26, 22, 1, 1, 5, 15, 2, 6, 3, 4, 41, 8, 141, 16, 3, 33, 133, 7, 0, 1, 3, 1, 1, 0, 12, 2, 7, 2, 6, 5, 6, 11, 62, 8, 8, 13, 1, 2, 4, 1, 5, 5, 10, 2, 2, 2, 1, 2, 2, 14, 2, 2, 2, 23, 5, 7, 0, 2, 2, 1, 1, 1, 1, 1, 2, 3, 1, 5, 9, 12, 1, 7, 7, 43, 112, 1, 59, 4, 6, 3, 47, 0, 5, 3, 1, 16, 3, 5, 1, 5, 3, 0, 3, 5, 7, 2, 1, 2, 2, 4, 1, 1, 5, 7, 4, 6, 3, 0, 13, 1, 3, 2, 15, 18, 8, 0, 2, 30, 3, 69, 6, 0, 4, 4, 5, 6, 12, 2, 19, 1, 2, 6, 0, 2, 1, 2, 3, 3, 2, 1, 15, 1, 0, 1, 9, 4, 2, 1, 2, 9, 0, 9, 9, 2, 6, 5, 11, 1, 13, 6, 12, 25, 0, 2, 1, 13, 2, 3, 3, 9, 20, 0, 4, 2, 0, 1, 1, 120, 11, 1, 5, 198, 8, 29, 3, 8, 2, 1, 12, 3, 13, 4, 43, 16, 4, 1, 3, 9, 1, 1, 4, 81, 10, 1, 10, 10, 1, 5, 9, 65, 5, 3, 3, 144, 11, 45, 30, 18, 17, 7, 19, 24, 11, 20, 193, 90, 26, 28, 51, 3, 4, 7, 65, 27, 27, 8, 59, 1, 1, 16, 116, 35, 2, 30, 2, 7, 1, 141, 8, 13, 5, 3, 8, 3, 3, 12, 28, 1, 3, 4, 1, 5, 2, 3, 4, 38, 34, 15, 27, 4, 3, 1, 18, 8, 0, 0, 3, 11, 4, 9, 1, 1, 8, 2, 12, 2, 4, 17, 70, 28, 14, 3, 9, 0, 1, 0, 6, 4, 2, 2, 3, 3, 2, 0, 2, 4, 4, 3, 3, 1, 2, 1, 1, 1, 3, 5, 4, 3, 4, 2, 1, 41, 4, 0, 1, 13, 4, 1, 4, 103, 32, 1, 52, 15, 12, 11, 37, 2, 4, 1, 4, 7, 1, 1, 1, 1, 15, 2, 5, 14, 3, 7, 69, 21, 1, 1, 19, 8, 7, 10, 8, 17, 7, 1, 14, 4, 1, 2, 11, 46, 5, 32, 22, 46, 7, 2, 109, 10, 10, 0, 7, 9, 2, 4, 12, 1, 4, 4, 1, 2, 0, 1, 1, 3, 0, 0, 6, 1, 2, 2, 3, 10, 1, 1, 2, 4, 2, 14, 9, 7, 5, 4, 1, 4, 1, 8, 47, 47, 2, 12, 10, 5, 1, 3, 2, 19, 4, 2, 10, 1, 1, 1, 4, 30, 4, 2, 2, 120, 3, 32, 35, 14, 16, 0, 9, 5, 7, 0, 9, 11, 5, 4, 1, 3, 2, 7, 5, 65, 92, 15, 80, 3, 11, 12, 13, 63, 1, 3, 6, 34, 5, 22, 54, 30, 70, 5, 39, 34, 38, 31, 281, 90, 7, 5, 18, 15, 6, 21, 70, 27, 2, 6, 53, 0, 1, 7, 145, 41, 8, 4, 0, 7, 3, 16, 30, 3, 4, 1, 6, 11, 11, 10, 107, 10, 4, 17, 2, 6, 1, 2, 5, 48, 72, 20, 55, 2, 4, 2, 58, 2, 2, 2, 5, 5, 1, 9, 5, 22, 6, 2, 7, 8, 3, 5, 66, 39, 4, 4, 11, 2, 1, 0, 12, 18, 3, 10, 15, 0, 1, 4, 4, 8, 1, 2, 0, 5, 3, 4, 2, 5, 1, 3, 3, 0, 2, 2, 13, 44, 3, 14, 7, 5, 3, 9, 3, 23, 187, 5, 97, 17, 11, 4, 26, 5, 4, 0, 2, 22, 4, 1, 0, 20, 11, 4, 2, 5, 10, 12, 37, 8, 1, 3, 10, 0, 0, 4, 3, 2, 2, 3, 1, 2, 2, 4, 1, 20, 6, 11, 0, 18, 7, 182, 30, 13, 13, 5, 15, 2, 5, 6, 73, 6, 3, 7, 0, 5, 3, 3, 2, 4, 1, 4, 1, 2, 2, 5, 4, 3, 1, 0, 0, 4, 3, 20, 5, 15, 5, 1, 19, 1, 6, 0, 26, 44, 5, 12, 5, 6, 1, 5, 7, 5, 7, 1, 9, 2, 1, 6, 5, 81, 1, 13, 2, 46, 7, 2, 36, 15, 3, 2, 4, 1, 13, 8, 24, 39, 3, 9, 4, 0, 1, 4, 12, 57, 55, 11, 68, 8, 0, 10, 59, 161, 14, 6, 7, 86, 12, 36, 61, 66, 84, 6, 39, 46, 33, 34, 264, 7, 14, 49, 34, 15, 3, 19, 12, 32, 32, 7, 97, 9, 5, 1, 73, 21, 3, 10, 4, 9, 3, 43, 89, 3, 5, 2, 2, 1, 11, 8, 25, 7, 4, 7, 10, 1, 0, 1, 2, 27, 39, 2, 346, 4, 4, 2, 37, 1, 3, 0, 2, 11, 3, 13, 6, 0, 0, 0, 6, 6, 7, 11, 17, 51, 8, 23, 14, 5, 0, 16, 3, 13, 2, 0, 7, 1, 0, 1, 3, 14, 0, 6, 6, 10, 1, 16, 4, 4, 2, 5, 2, 2, 2, 2, 1, 25, 3, 29, 7, 1, 3, 5, 4, 64, 163, 20, 300, 0, 1, 1, 78, 10, 1, 5, 2, 7, 14, 1, 2, 7, 3, 6, 3, 1, 5, 13, 14, 21, 7, 9, 8, 7, 2, 5, 5, 2, 1, 8, 5, 5, 2, 3, 14, 15, 7, 20, 17, 38, 4, 7, 29, 3, 7, 1, 10, 4, 3, 5, 3, 6, 1, 3, 6, 1, 4, 4, 4, 0, 2, 2, 16, 1, 1, 2, 8, 4, 2, 3, 2, 1, 0, 5, 1, 4, 3, 2, 1, 4, 4, 13, 48, 3, 2, 16, 7, 3, 1, 9, 10, 7, 6, 3, 4, 1, 4, 1, 9, 59, 30, 15, 15, 179, 11, 174, 22, 1, 7, 1, 11, 1, 5, 4, 27, 52, 7, 1, 7, 3, 1, 1, 6, 102, 107, 9, 66, 3, 0, 4, 4, 120, 2, 4, 4, 52, 7, 6, 5, 107, 41, 1, 58, 22, 30, 3, 60, y
71, 9, 6, 11, 2, 1, 19, 42, 18, 4, 4, 12, 9, 4, 8, 82, 5, 7, 1, 1, 12, 11, 15, 28, 4, 4, 1, 8, 4, 4, 15, 5, 23, 7, 3, 3, 1, 2, 6, 10, 7, 0, 15, 58, 9, 8, 13, 24, 1, 1, 2, 1, 0, 2, 1, 11, 0, 7, 1, 2, 2, 5, 11, 3, 22, 3, 18, 4, 12, 1, 2, 7, 5, 11, 0, 3, 2, 1, 0, 5, 1, 1, 0, 1, 12, 2, 2, 8, 1, 2, 1, 0, 1, 1, 7, 1, 4, 5, 0, 0, 16, 3, 8, 2, 20, 11, 1, 25, 8, 2, 7, 23, 13, 2, 6, 3, 5, 4, 8, 0, 4, 7, 3, 13, 7, 2, 2, 8, 2, 0, 5, 4, 0, 0, 0, 3, 3, 1, 3, 21, 4, 4, 2, 8, 32, 9, 4, 4, 49, 13, 21, 2, 4, 9, 3, 3, 5, 6, 8, 7, 3, 4, 2, 4, 0, 2, 1, 3, 2, 5, 2, 26, 4, 1, 3, 2, 8, 1, 1, 3, 0, 0, 15, 5, 3, 4, 5, 2, 4, 4, 4, 13, 4, 1, 1, 3, 6, 2, 1, 7, 3, 11, 0, 2, 2, 1, 3, 6, 94, 11, 16, 1, 188, 20, 31, 10, 4, 6, 2, 1, 1, 9, 4, 16, 6, 2, 1, 8, 7, 1, 6, 2, 29, 8, 2, 9, 13, 1, 1, 14, 10, 9, 0, 6, 56, 5, 39, 35, 6, 1, 3, 5, 33, 27, 21, 51, 160, 20, 30, 23, 18, 7, 14, 9, 26, 22, 1, 42, 2, 4, 3, 9, 26, 5, 17, 4, 7, 0, 22, 41, 13, 1, 2, 3, 2, 8, 8, 7, 5, 4, 1, 1, 1, 0, 4, 11, 33, 40, 6, 162, 9, 2, 3, 31, 1, 1, 3, 4, 13, 3, 17, 8, 2, 1, 1, 7, 8, 3, 13, 31, 35, 16, 3, 3, 0, 0, 6, 7, 9, 0, 2, 9, 1, 3, 1, 0, 3, 2, 3, 1, 5, 4, 6, 3, 2, 2, 1, 4, 3, 4, 0, 1, 55, 0, 6, 2, 12, 4, 4, 4, 128, 15, 1, 163, 12, 15, 1, 36, 0, 2, 4, 2, 9, 3, 2, 8, 2, 7, 3, 6, 7, 5, 5, 16, 24, 1, 2, 2, 5, 2, 13, 7, 17, 14, 5, 15, 1, 3, 1, 4, 39, 0, 14, 8, 23, 2, 112, 25, 6, 3, 3, 3, 0, 1, 0, 2, 6, 1, 5, 1, 0, 0, 1, 3, 8, 3, 0, 6, 2, 1, 1, 8, 11, 1, 3, 2, 0, 0, 10, 10, 0, 6, 1, 3, 8, 7, 25, 4, 59, 7, 5, 10, 4, 1, 3, 5, 5, 12, 2, 8, 1, 0, 2, 0, 5, 5, 5, 6, 6, 1, 60, 17, 14, 9, 2, 6, 8, 3, 6, 24, 66, 9, 0, 1, 10, 1, 2, 8, 81, 40, 7, 9, 9, 15, 15, 7, 102, 6, 3, 2, 41, 5, 16, 16, 68, 14, 2, 13, 14, 41, 39, 32, 67, 4, 8, 10, 4, 2, 9, 29, 43, 29, 2, 24, 1, 6, 2, 143, 36, 11, 2, 2, 7, 4, 34, 26, 11, 5, 1, 4, 11, 5, 4, 60, 7, 3, 12, 9, 2, 4, 2, 4, 35, 53, 4, 88, 1, 0, 8, 18, 6, 1, 6, 4, 9, 2, 10, 7, 14, 2, 3, 3, 6, 4, 6, 35, 27, 2, 6, 4, 1, 3, 1, 9, 19, 3, 6, 11, 2, 1, 2, 8, 13, 3, 3, 1, 0, 5, 13, 4, 0, 0, 1, 4, 4, 3, 1, 11, 5, 1, 6, 20, 12, 1, 3, 7, 33, 225, 4, 145, 10, 12, 7, 24, 10, 3, 0, 4, 8, 3, 7, 4, 0, 1, 7, 5, 14, 13, 1, 18, 12, 0, 3, 4, 3, 1, 1, 7, 4, 13, 5, 4, 3, 1, 2, 11, 12, 14, 18, 2, 13, 1, 184, 9, 13, 13, 3, 17, 3, 7, 8, 43, 4, 0, 7, 1, 2, 1, 4, 4, 1, 9, 2, 6, 2, 0, 2, 0, 3, 0, 1, 2, 0, 4, 18, 1, 8, 9, 3, 16, 1, 0, 14, 5, 18, 8, 4, 9, 7, 1, 7, 10, 2, 4, 1, 4, 3, 0, 1, 6, 13, 6, 2, 4, 145, 5, 38, 4, 21, 14, 1, 6, 2, 5, 15, 12, 12, 6, 4, 11, 0, 0, 2, 16, 64, 34, 5, 25, 6, 4, 2, 47, 69, 13, 8, 8, 11, 0, 44, 81, 23, 49, 4, 1, 51, 37, 10, 153, 136, 15, 55, 31, 18, 2, 10, 26, 2, 7, 5, 50, 1, 1, 8, 79, 18, 2, 7, 3, 31, 4, 35, 36, 2, 0, 1, 8, 1, 10, 8, 5, 23, 1, 10, 7, 8, 0, 8, 2, 11, 74, 11, 34, 1, 5, 8, 42, 5, 1, 1, 2, 11, 0, 3, 6, 3, 10, 2, 9, 2, 5, 6, 4, 82, 5, 2, 9, 3, 3, 13, 1, 18, 1, 3, 8, 1, 2, 0, 1, 30, 2, 0, 3, 8, 0, 6, 1, 6, 1, 3, 4, 0, 5, 1, 12, 34, 2, 20, 2, 3, 2, 8, 3, 2, 51, 15, 43, 2, 8, 8, 25, 10, 5, 10, 3, 23, 7, 6, 0, 10, 9, 2, 6, 7, 6, 14, 1, 21, 0, 2, 10, 2, 0, 7, 2, 5, 9, 3, 2, 1, 3, 1, 2, 0, 3, 6, 2, 71, 0, 206, 32, 7, 11, 5, 1, 4, 2, 3, 47, 0, 1, 3, 3, 1, 0, 0, 1, 0, 6, 1, 20, 2, 0, 0, 0, 4, 1, 2, 2, 4, 0, 1, 3, 3, 1, 0, 2, 3, 4, 3, 53, 32, 9, 14, 6, 4, 0, 11, 4, 8, 21, 1, 3, 0, 1, 3, 2, 21, 4, 19, 0, 108, 1, 133, 25, 7, 12, 1, 8, 5, 5, 2, 5, 48, 1, 3, 6, 6, 1, 6, 11, 100, 32, 7, 1, 7, 7, 14, 28, 136, 2, 3, 1, 35, 7, 8, 50, 84, 33, 1, 1, 4, 29, 22, 37, y
14, 1, 55, 13, 2, 3, 22, 41, 10, 0, 0, 31, 10, 4, 21, 128, 0, 8, 6, 1, 16, 3, 36, 12, 3, 4, 3, 4, 4, 5, 7, 9, 43, 7, 5, 5, 9, 0, 1, 1, 6, 40, 3, 66, 5, 5, 16, 8, 5, 1, 1, 2, 8, 3, 3, 3, 0, 4, 3, 5, 1, 3, 4, 22, 1, 2, 4, 4, 1, 1, 9, 10, 2, 6, 1, 3, 0, 2, 3, 3, 6, 4, 1, 1, 4, 4, 14, 7, 1, 3, 1, 2, 1, 3, 1, 2, 25, 2, 3, 1, 4, 3, 2, 0, 5, 79, 9, 23, 7, 6, 5, 29, 4, 3, 3, 2, 3, 0, 1, 2, 3, 0, 6, 6, 3, 3, 9, 16, 11, 3, 2, 3, 2, 2, 3, 3, 5, 1, 2, 6, 3, 1, 3, 5, 6, 9, 7, 1, 34, 12, 91, 33, 4, 1, 1, 5, 2, 4, 3, 3, 3, 0, 6, 0, 1, 2, 1, 1, 5, 0, 3, 9, 1, 0, 1, 0, 6, 0, 0, 2, 10, 1, 4, 3, 0, 0, 3, 4, 3, 8, 4, 18, 32, 0, 1, 3, 3, 3, 5, 2, 3, 11, 1, 1, 2, 0, 1, 2, 15, 8, 4, 5, 195, 12, 38, 9, 2, 16, 3, 8, 10, 7, 3, 21, 1, 1, 5, 4, 4, 1, 2, 5, 118, 29, 3, 32, 5, 1, 4, 1, 11, 5, 8, 2, 21, 5, 0, 21, 42, 31, 3, 6, 5, 50, 6, 36, 44, 33, 23, 17, 5, 7, 1, 16, 1, 4, 5, 87, 5, 3, 3, 98, 25, 3, 32, 4, 15, 3, 31, 20, 12, 1, 2, 2, 6, 4, 9, 13, 11, 0, 10, 0, 0, 3, 3, 3, 23, 22, 9, 158, 2, 3, 6, 91, 1, 0, 0, 4, 3, 0, 10, 0, 1, 3, 3, 11, 10, 4, 11, 40, 18, 14, 22, 9, 9, 0, 1, 9, 6, 3, 12, 10, 5, 6, 8, 4, 6, 3, 6, 2, 2, 7, 2, 6, 3, 0, 1, 2, 2, 1, 1, 8, 31, 4, 1, 1, 22, 1, 2, 4, 33, 21, 4, 50, 19, 16, 7, 28, 3, 0, 7, 3, 4, 1, 3, 9, 1, 9, 1, 3, 11, 0, 14, 37, 29, 8, 15, 18, 3, 4, 10, 4, 15, 6, 3, 1, 1, 0, 3, 7, 34, 2, 28, 18, 69, 6, 90, 23, 4, 4, 5, 10, 11, 2, 7, 9, 2, 1, 2, 1, 1, 0, 0, 3, 1, 2, 1, 7, 0, 2, 0, 5, 6, 4, 1, 1, 3, 0, 5, 12, 6, 7, 1, 5, 4, 4, 12, 14, 33, 3, 2, 16, 6, 0, 0, 1, 14, 5, 4, 15, 1, 4, 3, 0, 16, 1, 2, 5, 217, 8, 117, 23, 8, 12, 4, 3, 2, 9, 6, 1, 13, 3, 7, 0, 1, 1, 2, 9, 125, 49, 11, 53, 9, 14, 9, 5, 62, 4, 6, 6, 2, 3, 23, 14, 28, 34, 6, 1, 17, 20, 27, 134, 60, 15, 23, 30, 4, 6, 7, 13, 24, 5, 2, 26, 5, 2, 10, 29, 0, 6, 0, 10, 14, 11, 54, 131, 2, 5, 1, 5, 3, 8, 5, 14, 7, 3, 13, 16, 4, 1, 1, 2, 19, 21, 23, 68, 2, 8, 8, 8, 2, 1, 7, 5, 1, 2, 8, 19, 13, 6, 4, 6, 3, 7, 5, 22, 45, 5, 4, 4, 2, 3, 4, 5, 23, 25, 5, 1, 1, 0, 1, 6, 7, 2, 5, 0, 7, 8, 2, 14, 3, 0, 0, 3, 3, 3, 4, 10, 7, 0, 10, 11, 6, 1, 1, 9, 5, 12, 0, 19, 16, 19, 4, 9, 2, 5, 2, 2, 15, 5, 2, 4, 4, 11, 4, 2, 1, 7, 1, 26, 14, 5, 6, 8, 4, 1, 4, 1, 15, 4, 4, 0, 1, 2, 6, 3, 30, 2, 10, 11, 32, 0, 22, 106, 7, 7, 2, 15, 7, 3, 4, 3, 9, 1, 10, 2, 0, 0, 1, 5, 8, 6, 2, 3, 3, 0, 6, 1, 2, 1, 1, 2, 0, 3, 0, 11, 8, 5, 3, 15, 8, 2, 4, 25, 34, 7, 0, 10, 9, 0, 0, 1, 12, 4, 2, 10, 1, 0, 5, 5, 19, 15, 2, 10, 133, 6, 44, 57, 5, 1, 1, 6, 2, 9, 14, 18, 39, 2, 1, 10, 3, 1, 2, 14, 142, 2, 11, 16, 1, 7, 0, 17, 58, 5, 5, 0, 4, 3, 24, 37, 102, 4, 13, 30, 29, 34, 18, 58, 14, 7, 52, 49, 4, 5, 24, 6, 19, 31, 1, 33, 6, 1, 3, 56, 9, 6, 10, 3, 44, 6, 15, 9, 3, 1, 0, 5, 4, 4, 1, 11, 12, 1, 7, 3, 4, 0, 10, 2, 25, 9, 13, 119, 1, 6, 6, 91, 3, 1, 0, 6, 4, 1, 1, 1, 9, 1, 0, 5, 3, 6, 4, 3, 37, 8, 6, 6, 2, 1, 12, 1, 3, 3, 6, 1, 2, 4, 2, 6, 14, 2, 1, 5, 1, 3, 0, 1, 4, 1, 3, 1, 5, 2, 2, 3, 5, 4, 17, 1, 5, 1, 5, 3, 28, 103, 18, 110, 5, 12, 9, 21, 4, 2, 9, 1, 13, 13, 5, 1, 7, 8, 5, 15, 5, 3, 4, 9, 23, 3, 4, 9, 5, 3, 8, 5, 9, 7, 3, 11, 4, 1, 1, 6, 48, 13, 2, 5, 37, 2, 3, 13, 3, 12, 3, 1, 3, 1, 7, 4, 1, 1, 1, 1, 1, 0, 2, 2, 1, 7, 0, 22, 2, 2, 1, 4, 0, 1, 1, 1, 5, 1, 6, 3, 2, 3, 2, 6, 10, 3, 1, 20, 7, 2, 1, 12, 5, 1, 2, 5, 17, 19, 1, 3, 1, 2, 0, 3, 19, 4, 6, 0, 48, 4, 115, 10, 2, 9, 0, 13, 4, 1, 5, 19, 23, 10, 11, 7, 5, 1, 7, 2, 62, 13, 0, 47, 5, 5, 10, 33, 31, 5, 14, 7, 5, 3, 53, 35, 108, 4, 11, 29, 41, 7, 21, 20, y
309, 19, 131, 33, 74, 2, 82, 56, 31, 29, 29, 164, 12, 0, 26, 100, 76, 11, 13, 2, 60, 10, 25, 36, 1, 0, 3, 3, 1, 14, 19, 53, 23, 7, 34, 1, 22, 1, 21, 5, 56, 86, 43, 450, 9, 4, 38, 197, 3, 3, 1, 3, 7, 1, 15, 7, 2, 8, 1, 16, 5, 4, 12, 55, 118, 3, 26, 1, 36, 2, 4, 7, 11, 15, 1, 8, 1, 2, 1, 1, 24, 0, 1, 1, 78, 0, 15, 2, 0, 2, 0, 2, 2, 0, 1, 7, 58, 4, 11, 10, 29, 2, 13, 5, 129, 216, 14, 137, 21, 11, 12, 52, 14, 7, 4, 1, 42, 5, 13, 1, 6, 12, 3, 13, 19, 2, 4, 35, 28, 1, 7, 3, 5, 0, 12, 6, 8, 4, 2, 24, 2, 4, 0, 14, 80, 12, 13, 5, 155, 13, 252, 61, 3, 11, 0, 25, 11, 16, 13, 95, 5, 1, 5, 1, 0, 1, 4, 2, 5, 13, 1, 60, 1, 1, 1, 21, 10, 1, 0, 6, 16, 0, 22, 16, 9, 11, 4, 31, 2, 21, 9, 103, 73, 3, 9, 9, 17, 1, 11, 3, 2, 19, 1, 11, 1, 3, 1, 7, 257, 37, 12, 1, 738, 53, 222, 81, 14, 10, 1, 12, 10, 36, 14, 107, 64, 2, 6, 2, 7, 1, 4, 13, 23, 71, 3, 72, 3, 7, 1, 37, 68, 4, 11, 15, 220, 29, 102, 86, 44, 67, 9, 63, 69, 163, 52, 491, 275, 50, 73, 104, 41, 5, 59, 17, 94, 56, 15, 152, 16, 9, 7, 76, 89, 10, 31, 18, 37, 1, 130, 78, 22, 8, 2, 6, 5, 3, 22, 87, 21, 4, 9, 7, 4, 3, 6, 11, 72, 136, 19, 173, 5, 8, 15, 140, 10, 0, 3, 4, 14, 1, 15, 3, 9, 8, 2, 16, 10, 4, 21, 138, 74, 16, 3, 5, 3, 1, 10, 15, 10, 4, 1, 19, 1, 5, 0, 14, 12, 1, 1, 2, 4, 1, 0, 11, 2, 0, 0, 2, 1, 3, 1, 13, 92, 1, 8, 10, 18, 2, 4, 11, 246, 362, 12, 229, 26, 29, 12, 123, 8, 1, 4, 5, 9, 1, 14, 11, 18, 8, 4, 11, 33, 7, 6, 99, 49, 11, 18, 19, 10, 5, 24, 12, 25, 12, 1, 17, 4, 3, 3, 15, 94, 2, 42, 22, 43, 4, 171, 131, 12, 8, 6, 18, 2, 4, 17, 75, 7, 3, 6, 0, 2, 4, 1, 2, 7, 7, 1, 8, 3, 1, 1, 3, 15, 2, 2, 3, 7, 1, 18, 9, 11, 9, 4, 14, 8, 7, 26, 98, 123, 15, 9, 21, 1, 1, 2, 5, 17, 10, 0, 23, 1, 1, 2, 9, 126, 16, 14, 6, 90, 8, 122, 80, 26, 16, 1, 7, 13, 15, 6, 52, 78, 11, 7, 7, 11, 1, 2, 4, 220, 218, 14, 132, 5, 22, 14, 95, 146, 12, 1, 14, 128, 11, 93, 100, 153, 130, 11, 66, 125, 118, 86, 518, 326, 23, 83, 83, 27, 6, 41, 63, 81, 75, 10, 65, 0, 9, 3, 25, 89, 10, 22, 10, 58, 2, 176, 96, 7, 12, 3, 10, 11, 11, 7, 81, 36, 2, 21, 18, 6, 2, 1, 3, 89, 14, 29, 28, 4, 3, 8, 63, 15, 2, 1, 5, 11, 2, 22, 1, 21, 4, 2, 18, 17, 2, 17, 129, 126, 16, 6, 13, 8, 4, 9, 16, 41, 30, 6, 15, 3, 4, 5, 9, 16, 2, 3, 2, 17, 0, 14, 8, 4, 2, 1, 3, 3, 1, 3, 25, 79, 13, 23, 28, 19, 2, 18, 7, 272, 125, 14, 87, 35, 32, 18, 89, 19, 7, 2, 0, 27, 4, 13, 19, 23, 9, 5, 19, 11, 17, 10, 92, 54, 10, 23, 16, 6, 3, 9, 12, 11, 24, 6, 8, 2, 3, 0, 3, 74, 13, 25, 25, 95, 9, 207, 203, 17, 10, 0, 21, 6, 4, 12, 118, 10, 1, 11, 3, 1, 3, 1, 1, 6, 2, 0, 14, 2, 2, 1, 1, 1, 1, 3, 3, 4, 3, 20, 17, 14, 12, 1, 21, 8, 6, 13, 122, 103, 14, 6, 21, 10, 2, 7, 15, 25, 31, 1, 18, 3, 3, 5, 15, 95, 22, 21, 18, 234, 13, 195, 118, 18, 13, 1, 2, 9, 20, 4, 70, 54, 4, 12, 19, 6, 3, 5, 16, 188, 257, 23, 158, 26, 23, 2, 125, 21, 20, 12, 17, 61, 19, 132, 139, 101, 124, 8, 89, 93, 130, 93, 689, 256, 19, 87, 74, 26, 1, 44, 54, 65, 61, 20, 280, 5, 1, 17, 62, 74, 10, 12, 12, 64, 5, 31, 65, 20, 4, 0, 10, 5, 0, 10, 81, 40, 7, 19, 10, 11, 0, 13, 8, 94, 97, 32, 558, 11, 4, 19, 278, 6, 1, 4, 3, 13, 0, 8, 1, 4, 4, 3, 9, 3, 2, 12, 105, 112, 6, 20, 12, 16, 1, 25, 5, 20, 15, 1, 10, 1, 3, 2, 3, 33, 2, 5, 5, 22, 1, 18, 10, 8, 1, 5, 4, 2, 5, 3, 15, 87, 4, 26, 14, 22, 3, 27, 12, 144, 91, 36, 356, 23, 13, 23, 177, 29, 5, 11, 6, 36, 16, 9, 15, 21, 10, 5, 10, 19, 7, 16, 62, 28, 3, 13, 1, 2, 2, 1, 6, 5, 8, 3, 13, 1, 1, 0, 11, 52, 1, 6, 10, 2, 2, 184, 26, 9, 18, 4, 17, 1, 4, 0, 51, 0, 0, 1, 2, 2, 1, 1, 0, 3, 3, 0, 38, 2, 0, 0, 14, 6, 0, 2, 4, 6, 0, 7, 6, 12, 5, 1, 8, 3, 4, 9, 41, 92, 8, 13, 7, 7, 2, 7, 2, 10, 21, 3, 12, 0, 1, 3, 8, 220, 20, 28, 10, 237, 8, 2, 34, 16, 21, 1, 25, 11, 9, 8, 30, 109, 4, 7, 8, 7, 2, 8, 8, 222, 114, 17, 155, 12, 11, 24, 126, 280, 19, 9, 12, 248, 21, 108, 111, 209, 136, 4, 134, 75, 118, 66, 598, y
76, 2, 35, 13, 22, 1, 9, 42, 11, 15, 12, 69, 4, 5, 5, 90, 43, 7, 3, 9, 32, 7, 0, 97, 2, 1, 2, 6, 3, 4, 16, 41, 14, 4, 4, 6, 14, 2, 5, 4, 2, 26, 19, 98, 8, 6, 21, 60, 1, 2, 0, 0, 6, 1, 1, 11, 4, 2, 2, 4, 4, 3, 4, 16, 17, 1, 9, 6, 8, 4, 10, 5, 5, 2, 2, 1, 0, 0, 0, 3, 11, 2, 0, 1, 9, 0, 5, 1, 3, 3, 0, 1, 3, 1, 2, 9, 9, 3, 2, 2, 12, 0, 4, 8, 45, 78, 6, 15, 11, 1, 7, 18, 0, 2, 5, 3, 0, 5, 2, 7, 4, 6, 2, 10, 3, 4, 1, 13, 9, 2, 7, 2, 2, 0, 0, 4, 2, 2, 6, 15, 0, 0, 5, 9, 17, 0, 7, 3, 13, 4, 26, 1, 2, 3, 2, 5, 3, 2, 4, 27, 4, 1, 4, 2, 3, 1, 1, 2, 6, 5, 0, 23, 4, 1, 1, 9, 4, 1, 2, 2, 6, 1, 2, 8, 6, 8, 7, 10, 3, 10, 8, 9, 2, 0, 0, 1, 8, 1, 0, 2, 6, 7, 2, 0, 3, 2, 4, 6, 143, 13, 6, 3, 137, 8, 18, 14, 3, 1, 3, 8, 0, 14, 6, 47, 37, 1, 1, 10, 1, 0, 3, 7, 76, 0, 1, 22, 7, 5, 4, 7, 83, 1, 1, 10, 102, 1, 37, 49, 37, 7, 8, 14, 2, 17, 7, 145, 76, 25, 19, 8, 12, 5, 14, 39, 21, 26, 8, 110, 2, 11, 3, 87, 41, 0, 5, 13, 37, 2, 44, 96, 2, 4, 2, 6, 9, 4, 15, 36, 13, 2, 1, 3, 2, 1, 4, 2, 51, 24, 13, 53, 0, 3, 11, 58, 5, 2, 2, 1, 8, 2, 11, 3, 3, 8, 2, 1, 4, 8, 3, 20, 45, 3, 4, 5, 2, 2, 5, 5, 5, 19, 3, 5, 0, 7, 1, 1, 7, 4, 0, 1, 3, 3, 6, 4, 4, 2, 1, 3, 3, 5, 0, 12, 43, 4, 8, 10, 10, 1, 3, 4, 62, 86, 6, 61, 9, 10, 10, 11, 8, 3, 2, 2, 0, 2, 7, 5, 7, 8, 3, 2, 22, 3, 6, 7, 7, 1, 8, 17, 4, 5, 16, 4, 7, 3, 4, 18, 2, 0, 2, 7, 43, 8, 1, 13, 46, 3, 17, 20, 3, 4, 1, 8, 6, 4, 6, 13, 1, 3, 0, 3, 2, 5, 1, 1, 0, 3, 0, 2, 0, 1, 1, 16, 7, 2, 4, 7, 4, 1, 3, 3, 4, 2, 3, 6, 2, 3, 8, 20, 40, 1, 4, 7, 4, 5, 1, 4, 13, 5, 3, 18, 5, 1, 1, 6, 98, 3, 5, 6, 38, 4, 61, 74, 13, 13, 4, 2, 12, 9, 4, 4, 17, 2, 0, 5, 2, 1, 4, 6, 33, 16, 8, 54, 12, 2, 1, 15, 54, 4, 7, 16, 94, 5, 18, 52, 40, 65, 1, 15, 47, 37, 11, 186, 67, 8, 1, 26, 10, 1, 9, 41, 14, 6, 3, 14, 8, 5, 9, 87, 25, 6, 3, 1, 5, 6, 2, 44, 5, 1, 1, 0, 3, 9, 8, 73, 5, 6, 8, 12, 8, 0, 8, 1, 23, 49, 2, 90, 6, 0, 6, 11, 5, 2, 3, 5, 1, 1, 2, 16, 19, 11, 3, 5, 10, 3, 7, 65, 37, 0, 6, 3, 0, 2, 7, 9, 18, 9, 11, 0, 3, 3, 5, 16, 13, 1, 0, 1, 2, 1, 4, 5, 4, 4, 2, 6, 0, 1, 2, 19, 26, 4, 14, 19, 3, 1, 5, 0, 24, 245, 8, 11, 4, 3, 3, 34, 4, 3, 0, 4, 12, 1, 10, 9, 26, 13, 5, 5, 3, 11, 12, 22, 13, 4, 2, 3, 5, 1, 1, 2, 0, 0, 3, 10, 4, 2, 2, 13, 2, 7, 21, 14, 47, 0, 172, 30, 10, 7, 3, 12, 1, 7, 4, 63, 10, 6, 6, 0, 4, 2, 2, 3, 4, 2, 3, 2, 2, 0, 3, 10, 5, 0, 5, 5, 2, 1, 25, 9, 4, 5, 1, 9, 1, 2, 18, 23, 44, 1, 7, 14, 4, 0, 3, 2, 8, 7, 1, 10, 3, 0, 1, 6, 72, 1, 10, 5, 17, 6, 27, 44, 18, 11, 2, 1, 1, 2, 4, 14, 38, 5, 3, 9, 0, 1, 0, 10, 84, 11, 11, 47, 18, 5, 12, 39, 143, 8, 14, 12, 47, 5, 44, 64, 98, 71, 7, 26, 45, 39, 36, 239, 46, 4, 48, 29, 13, 10, 6, 22, 20, 3, 1, 123, 6, 5, 3, 73, 42, 3, 10, 0, 1, 2, 18, 117, 5, 2, 0, 3, 2, 6, 7, 16, 21, 0, 8, 0, 1, 4, 7, 3, 41, 37, 8, 208, 6, 6, 10, 83, 10, 1, 1, 5, 1, 1, 12, 8, 0, 10, 0, 0, 4, 6, 1, 28, 51, 4, 9, 12, 3, 1, 12, 1, 4, 0, 1, 13, 3, 3, 2, 4, 14, 1, 3, 7, 0, 1, 6, 8, 3, 4, 4, 4, 4, 1, 4, 13, 1, 8, 19, 10, 5, 3, 12, 3, 74, 132, 22, 230, 8, 11, 9, 69, 0, 3, 4, 1, 8, 7, 17, 1, 7, 7, 0, 3, 4, 2, 4, 3, 13, 9, 1, 13, 2, 2, 8, 1, 20, 6, 5, 16, 7, 6, 7, 13, 19, 11, 2, 19, 42, 2, 109, 37, 2, 8, 4, 1, 9, 10, 2, 0, 0, 4, 5, 2, 1, 1, 0, 3, 3, 1, 5, 8, 5, 2, 2, 9, 4, 1, 1, 0, 1, 1, 2, 1, 0, 6, 3, 14, 3, 8, 2, 30, 14, 0, 10, 3, 2, 4, 1, 7, 17, 0, 2, 1, 2, 7, 4, 15, 65, 10, 20, 7, 205, 10, 87, 6, 3, 12, 2, 9, 1, 5, 2, 31, 45, 0, 4, 2, 6, 1, 5, 5, 100, 36, 11, 56, 8, 0, 1, 17, 134, 20, 6, 3, 121, 5, 4, 4, 92, 16, 6, 28, 44, 14, 22, 2, y
214, 19, 72, 15, 22, 0, 2, 9, 8, 28, 16, 41, 5, 1, 18, 87, 20, 8, 3, 1, 36, 8, 14, 37, 2, 4, 2, 1, 1, 4, 14, 29, 7, 7, 13, 3, 11, 0, 2, 2, 26, 19, 35, 174, 7, 7, 16, 31, 0, 1, 0, 1, 4, 1, 6, 11, 1, 6, 3, 2, 2, 3, 7, 26, 87, 0, 16, 2, 9, 2, 4, 8, 12, 7, 2, 6, 1, 0, 2, 0, 11, 1, 3, 0, 31, 2, 2, 0, 3, 1, 0, 0, 3, 5, 2, 12, 40, 5, 12, 7, 23, 1, 3, 3, 93, 81, 11, 50, 12, 8, 5, 12, 3, 5, 0, 0, 3, 2, 10, 1, 2, 8, 1, 12, 13, 4, 4, 13, 29, 3, 2, 1, 1, 0, 10, 6, 5, 0, 2, 14, 1, 1, 3, 5, 29, 12, 10, 4, 83, 13, 248, 12, 3, 9, 6, 6, 4, 12, 3, 15, 2, 1, 4, 1, 0, 1, 2, 5, 5, 19, 3, 36, 1, 2, 2, 8, 10, 1, 3, 1, 12, 2, 15, 14, 4, 14, 8, 19, 8, 10, 1, 51, 43, 6, 5, 4, 13, 2, 6, 8, 11, 13, 2, 4, 3, 2, 0, 10, 50, 18, 0, 3, 286, 32, 107, 8, 3, 3, 1, 9, 6, 23, 14, 40, 40, 5, 0, 4, 3, 0, 5, 9, 35, 58, 4, 17, 5, 6, 3, 3, 6, 1, 2, 1, 20, 2, 31, 26, 41, 39, 12, 30, 19, 119, 36, 220, 187, 19, 5, 21, 19, 6, 38, 3, 62, 35, 3, 102, 11, 1, 4, 87, 47, 7, 24, 6, 30, 3, 55, 71, 8, 3, 2, 2, 7, 2, 9, 1, 23, 1, 5, 2, 0, 1, 4, 7, 66, 27, 16, 103, 4, 4, 15, 72, 7, 4, 3, 4, 10, 3, 9, 6, 9, 4, 5, 10, 9, 4, 22, 68, 34, 16, 7, 6, 4, 1, 3, 10, 10, 12, 2, 5, 1, 1, 0, 10, 13, 1, 0, 4, 9, 4, 11, 3, 2, 4, 1, 0, 0, 2, 3, 7, 56, 5, 3, 3, 24, 1, 6, 3, 57, 86, 6, 56, 21, 11, 6, 67, 8, 1, 7, 1, 5, 3, 0, 12, 8, 8, 1, 2, 20, 13, 5, 45, 45, 6, 12, 8, 5, 5, 12, 1, 11, 3, 8, 11, 5, 9, 2, 2, 57, 1, 9, 11, 23, 6, 48, 16, 10, 8, 0, 8, 1, 5, 1, 10, 0, 4, 7, 2, 0, 0, 1, 3, 8, 0, 0, 5, 2, 2, 2, 6, 12, 0, 2, 2, 6, 1, 2, 12, 9, 8, 3, 5, 12, 3, 21, 32, 79, 19, 6, 14, 0, 0, 0, 4, 1, 11, 2, 10, 4, 3, 2, 1, 88, 6, 8, 1, 75, 11, 26, 25, 12, 9, 2, 8, 9, 5, 0, 18, 59, 4, 2, 1, 4, 1, 1, 6, 11, 37, 15, 49, 5, 11, 7, 18, 154, 12, 1, 11, 93, 3, 40, 40, 94, 62, 11, 17, 77, 44, 37, 122, 104, 6, 45, 50, 5, 6, 16, 32, 7, 45, 1, 19, 10, 3, 4, 2, 5, 4, 3, 12, 46, 1, 151, 165, 10, 1, 1, 10, 4, 9, 6, 62, 22, 3, 12, 14, 3, 1, 4, 4, 16, 38, 16, 11, 8, 6, 4, 4, 3, 1, 3, 0, 1, 0, 1, 6, 17, 1, 2, 15, 11, 5, 8, 75, 39, 13, 1, 9, 2, 1, 2, 7, 31, 23, 5, 7, 1, 3, 3, 9, 10, 3, 0, 1, 5, 0, 9, 1, 5, 1, 1, 2, 2, 1, 1, 20, 4, 1, 10, 20, 7, 3, 2, 6, 96, 135, 7, 33, 15, 25, 4, 41, 5, 5, 1, 2, 1, 7, 3, 5, 15, 2, 2, 8, 5, 3, 2, 41, 16, 2, 5, 11, 4, 1, 6, 0, 4, 13, 3, 3, 2, 2, 3, 2, 27, 17, 8, 13, 70, 3, 274, 164, 9, 6, 7, 20, 5, 2, 10, 79, 8, 1, 11, 2, 0, 0, 1, 3, 13, 2, 0, 10, 0, 1, 0, 0, 6, 1, 3, 1, 5, 3, 12, 20, 8, 11, 2, 22, 3, 1, 7, 89, 23, 9, 3, 14, 6, 1, 7, 9, 8, 28, 1, 11, 1, 1, 4, 1, 27, 2, 11, 4, 114, 8, 121, 40, 11, 8, 0, 5, 3, 22, 2, 39, 53, 7, 4, 7, 6, 2, 9, 0, 49, 131, 1, 38, 7, 10, 10, 24, 136, 11, 1, 5, 49, 2, 26, 45, 53, 44, 1, 32, 16, 56, 43, 295, 133, 1, 65, 32, 6, 2, 27, 60, 27, 22, 9, 137, 3, 2, 5, 91, 21, 6, 6, 3, 37, 6, 14, 24, 7, 7, 1, 5, 2, 1, 0, 57, 8, 5, 5, 4, 5, 0, 6, 6, 16, 25, 4, 219, 7, 3, 6, 58, 4, 2, 4, 2, 1, 2, 4, 6, 2, 11, 4, 6, 3, 14, 2, 36, 82, 4, 7, 14, 1, 2, 16, 3, 8, 0, 0, 7, 2, 1, 1, 8, 26, 1, 5, 4, 0, 4, 3, 2, 7, 0, 3, 4, 2, 2, 1, 6, 20, 1, 16, 1, 8, 3, 13, 7, 41, 87, 20, 174, 18, 10, 18, 83, 11, 3, 12, 2, 16, 14, 13, 1, 8, 4, 3, 2, 2, 4, 16, 20, 2, 0, 5, 5, 6, 3, 5, 2, 5, 6, 6, 8, 8, 3, 1, 1, 4, 2, 4, 6, 49, 7, 70, 8, 4, 9, 5, 9, 8, 1, 1, 39, 1, 2, 5, 1, 1, 1, 2, 2, 2, 1, 2, 10, 1, 2, 1, 5, 0, 1, 0, 3, 1, 0, 4, 5, 4, 4, 2, 8, 5, 1, 2, 10, 49, 7, 10, 15, 9, 0, 6, 0, 6, 21, 1, 9, 0, 1, 1, 4, 105, 10, 27, 15, 92, 2, 144, 29, 6, 9, 1, 16, 3, 4, 1, 17, 43, 1, 0, 4, 1, 5, 5, 9, 41, 5, 2, 44, 1, 5, 15, 62, 181, 5, 0, 6, 89, 6, 34, 73, 76, 22, 8, 52, 27, 35, 8, 205, y
61, 6, 11, 9, 11, 0, 31, 20, 7, 20, 0, 73, 7, 0, 13, 22, 32, 14, 9, 2, 39, 10, 16, 95, 5, 1, 1, 1, 1, 5, 10, 39, 38, 2, 9, 1, 5, 1, 4, 4, 3, 35, 4, 39, 5, 1, 20, 60, 3, 2, 1, 1, 4, 1, 9, 11, 2, 3, 4, 8, 5, 2, 9, 24, 30, 1, 3, 5, 2, 0, 6, 8, 5, 1, 1, 3, 2, 0, 1, 2, 2, 1, 2, 6, 6, 7, 4, 6, 2, 1, 1, 3, 2, 5, 4, 5, 5, 5, 3, 4, 9, 1, 5, 5, 45, 23, 1, 2, 5, 2, 8, 2, 9, 6, 6, 0, 17, 3, 7, 3, 5, 5, 1, 11, 10, 8, 0, 12, 8, 1, 8, 1, 8, 1, 3, 2, 7, 7, 5, 13, 1, 0, 5, 2, 25, 8, 2, 4, 25, 11, 76, 7, 2, 4, 0, 14, 6, 2, 4, 13, 2, 2, 1, 1, 0, 0, 2, 4, 1, 2, 0, 2, 1, 1, 1, 2, 8, 1, 2, 3, 5, 0, 13, 12, 7, 6, 3, 4, 1, 0, 0, 30, 49, 2, 2, 2, 5, 1, 1, 2, 5, 16, 0, 5, 0, 2, 1, 4, 111, 16, 3, 1, 129, 4, 25, 27, 11, 1, 1, 2, 8, 10, 6, 19, 23, 2, 3, 5, 7, 1, 0, 5, 27, 26, 10, 2, 6, 6, 0, 11, 41, 0, 6, 2, 94, 7, 46, 38, 39, 26, 1, 0, 16, 41, 29, 126, 117, 25, 22, 27, 15, 0, 42, 27, 15, 5, 5, 16, 7, 1, 1, 49, 35, 7, 19, 3, 40, 0, 96, 40, 1, 6, 1, 5, 5, 3, 10, 1, 3, 4, 6, 5, 8, 3, 1, 0, 24, 21, 4, 72, 4, 6, 4, 11, 1, 2, 2, 1, 13, 1, 5, 0, 12, 6, 1, 2, 2, 5, 14, 2, 24, 17, 9, 1, 0, 3, 7, 2, 3, 8, 5, 1, 2, 3, 1, 1, 10, 0, 2, 3, 5, 4, 1, 5, 3, 2, 1, 2, 1, 5, 1, 11, 43, 8, 4, 5, 18, 2, 1, 3, 76, 58, 5, 99, 7, 22, 3, 8, 2, 1, 5, 2, 1, 2, 11, 6, 6, 4, 3, 3, 17, 5, 1, 30, 21, 1, 12, 20, 7, 3, 9, 8, 20, 4, 6, 6, 4, 4, 1, 5, 44, 2, 23, 25, 32, 1, 18, 70, 4, 7, 0, 9, 1, 1, 5, 28, 5, 1, 1, 4, 6, 5, 2, 1, 0, 7, 7, 8, 6, 3, 3, 10, 6, 0, 1, 2, 2, 1, 4, 7, 5, 2, 4, 3, 1, 4, 14, 26, 68, 13, 6, 13, 2, 0, 2, 3, 3, 6, 2, 12, 3, 0, 2, 3, 28, 6, 10, 2, 70, 7, 52, 50, 11, 11, 2, 1, 2, 11, 4, 7, 14, 10, 0, 4, 7, 1, 8, 6, 39, 54, 9, 30, 6, 8, 9, 9, 60, 4, 5, 8, 14, 1, 19, 29, 7, 30, 4, 11, 26, 48, 43, 138, 18, 8, 10, 34, 10, 0, 11, 41, 4, 15, 4, 26, 3, 3, 4, 88, 28, 1, 13, 7, 4, 5, 41, 18, 3, 4, 1, 3, 3, 0, 3, 55, 16, 3, 2, 3, 1, 3, 13, 7, 0, 86, 4, 73, 6, 8, 8, 2, 4, 5, 2, 3, 6, 1, 1, 17, 6, 5, 3, 1, 3, 8, 7, 29, 45, 6, 5, 8, 1, 4, 5, 10, 24, 1, 9, 0, 0, 0, 3, 12, 2, 5, 8, 1, 0, 4, 3, 0, 4, 4, 0, 5, 1, 1, 4, 19, 9, 4, 4, 17, 7, 0, 7, 11, 67, 96, 1, 87, 24, 22, 2, 5, 2, 4, 1, 1, 14, 6, 0, 6, 5, 9, 4, 4, 18, 10, 3, 15, 11, 5, 1, 4, 2, 3, 2, 2, 9, 7, 2, 11, 2, 2, 5, 5, 54, 2, 8, 4, 10, 2, 24, 76, 4, 4, 6, 9, 1, 6, 3, 46, 7, 3, 6, 3, 1, 2, 3, 5, 1, 0, 0, 0, 1, 3, 1, 0, 0, 1, 7, 2, 3, 3, 3, 10, 6, 4, 2, 8, 0, 4, 6, 24, 63, 5, 2, 7, 6, 1, 6, 8, 6, 11, 0, 7, 3, 0, 4, 1, 57, 7, 17, 10, 62, 1, 53, 50, 14, 5, 0, 7, 1, 13, 2, 1, 30, 9, 5, 9, 3, 0, 3, 11, 56, 66, 8, 19, 3, 1, 11, 0, 127, 11, 1, 1, 14, 5, 47, 29, 73, 32, 0, 11, 49, 37, 30, 163, 46, 14, 37, 33, 7, 5, 11, 14, 1, 17, 0, 64, 9, 4, 3, 113, 2, 1, 17, 5, 2, 0, 28, 112, 14, 4, 4, 7, 4, 1, 6, 4, 3, 4, 13, 7, 3, 1, 2, 0, 18, 11, 16, 55, 6, 6, 5, 15, 5, 2, 2, 3, 3, 2, 12, 8, 5, 4, 0, 8, 3, 8, 1, 7, 36, 2, 16, 8, 10, 2, 19, 2, 6, 7, 4, 1, 2, 3, 2, 6, 17, 3, 4, 5, 0, 0, 1, 7, 6, 1, 5, 0, 2, 0, 2, 8, 29, 3, 21, 1, 1, 4, 9, 6, 20, 42, 9, 83, 1, 4, 6, 33, 12, 2, 10, 1, 0, 16, 0, 12, 11, 2, 3, 2, 6, 1, 6, 6, 2, 3, 7, 0, 3, 4, 5, 3, 12, 0, 4, 9, 4, 1, 2, 10, 0, 5, 11, 8, 38, 1, 56, 25, 9, 4, 0, 5, 6, 8, 12, 2, 11, 6, 8, 3, 2, 2, 6, 3, 5, 4, 1, 2, 3, 2, 9, 2, 0, 7, 6, 1, 6, 4, 10, 5, 3, 3, 1, 13, 6, 5, 1, 39, 47, 3, 16, 3, 8, 0, 5, 6, 3, 12, 1, 1, 5, 2, 4, 14, 137, 16, 18, 7, 152, 3, 76, 6, 1, 7, 1, 14, 0, 3, 1, 34, 51, 4, 5, 3, 5, 4, 2, 3, 120, 12, 8, 9, 8, 4, 9, 47, 184, 5, 4, 3, 136, 12, 52, 35, 105, 16, 3, 9, 21, 11, 29, 93, y
500, 38, 213, 91, 111, 3, 165, 187, 103, 108, 51, 510, 15, 6, 39, 559, 123, 16, 13, 10, 158, 14, 172, 312, 13, 8, 3, 14, 8, 19, 24, 244, 67, 11, 42, 10, 26, 1, 32, 15, 140, 209, 78, 1160, 22, 15, 61, 535, 13, 3, 2, 3, 13, 1, 18, 26, 11, 18, 1, 22, 10, 8, 18, 155, 201, 6, 38, 9, 49, 4, 22, 18, 16, 20, 4, 19, 3, 3, 2, 10, 42, 4, 2, 2, 106, 1, 26, 7, 3, 4, 1, 2, 3, 6, 3, 14, 151, 7, 18, 10, 35, 0, 17, 10, 261, 309, 23, 305, 26, 17, 19, 156, 27, 6, 5, 2, 47, 6, 17, 14, 17, 19, 4, 17, 22, 5, 7, 59, 49, 3, 6, 7, 9, 0, 12, 13, 11, 13, 1, 46, 1, 3, 1, 36, 115, 20, 15, 16, 273, 24, 406, 159, 8, 16, 1, 32, 15, 28, 19, 207, 8, 4, 6, 2, 1, 1, 5, 5, 11, 18, 5, 89, 2, 2, 3, 40, 14, 2, 4, 3, 17, 2, 23, 19, 14, 23, 8, 47, 11, 29, 11, 222, 129, 9, 15, 10, 21, 2, 12, 7, 14, 23, 2, 16, 3, 2, 1, 21, 474, 47, 13, 12, 1240, 85, 369, 180, 19, 18, 1, 28, 17, 57, 16, 183, 162, 5, 8, 3, 12, 1, 10, 17, 281, 209, 7, 146, 7, 9, 8, 118, 500, 23, 14, 14, 485, 40, 156, 165, 229, 146, 14, 122, 140, 236, 82, 800, 489, 95, 138, 190, 54, 11, 110, 165, 166, 165, 20, 295, 16, 9, 18, 363, 169, 18, 55, 30, 119, 8, 472, 533, 31, 19, 4, 23, 19, 8, 33, 267, 45, 6, 12, 10, 7, 3, 11, 16, 134, 208, 23, 259, 15, 17, 26, 266, 16, 1, 5, 6, 21, 4, 44, 32, 16, 14, 1, 20, 23, 18, 42, 253, 140, 35, 11, 15, 8, 3, 15, 16, 36, 55, 0, 28, 2, 1, 3, 21, 19, 2, 1, 1, 15, 1, 11, 17, 1, 3, 1, 3, 4, 6, 2, 21, 124, 14, 10, 15, 25, 3, 10, 16, 440, 726, 16, 309, 49, 57, 26, 236, 19, 2, 6, 4, 20, 3, 27, 27, 24, 23, 6, 13, 44, 28, 24, 181, 99, 16, 30, 36, 12, 7, 21, 21, 30, 20, 0, 29, 4, 1, 4, 29, 182, 15, 69, 56, 159, 7, 729, 472, 17, 13, 3, 23, 8, 4, 17, 150, 9, 2, 5, 0, 0, 0, 2, 4, 15, 7, 2, 14, 3, 2, 1, 10, 19, 2, 3, 4, 13, 1, 40, 33, 16, 14, 5, 15, 20, 9, 41, 178, 189, 29, 22, 28, 1, 1, 7, 12, 45, 36, 0, 30, 4, 1, 4, 19, 286, 26, 26, 20, 230, 17, 243, 184, 32, 23, 4, 12, 18, 18, 16, 93, 202, 16, 10, 13, 13, 1, 5, 21, 585, 449, 22, 205, 32, 41, 24, 190, 434, 22, 13, 23, 270, 15, 200, 199, 334, 186, 17, 107, 217, 174, 156, 938, 516, 53, 138, 134, 47, 8, 102, 159, 169, 154, 20, 274, 7, 11, 18, 347, 151, 23, 33, 21, 117, 7, 321, 361, 23, 17, 4, 21, 21, 18, 22, 271, 73, 9, 27, 23, 11, 1, 10, 7, 186, 242, 41, 356, 11, 17, 25, 261, 21, 3, 1, 8, 18, 2, 30, 13, 37, 17, 4, 26, 22, 12, 25, 215, 167, 25, 22, 26, 12, 1, 16, 21, 55, 45, 11, 30, 5, 6, 6, 23, 30, 4, 0, 3, 27, 2, 21, 14, 6, 4, 2, 6, 3, 1, 2, 30, 144, 18, 28, 35, 19, 3, 24, 9, 454, 742, 34, 452, 43, 48, 25, 227, 29, 9, 4, 2, 37, 7, 24, 23, 34, 27, 8, 27, 23, 21, 17, 159, 75, 13, 23, 22, 8, 1, 16, 13, 13, 23, 4, 29, 6, 1, 0, 20, 138, 23, 34, 33, 175, 11, 513, 373, 24, 22, 2, 35, 13, 11, 22, 195, 13, 1, 11, 4, 0, 0, 0, 5, 19, 15, 5, 29, 3, 1, 0, 18, 9, 0, 2, 1, 8, 4, 29, 30, 21, 20, 3, 32, 11, 18, 21, 198, 157, 25, 12, 27, 15, 2, 16, 18, 39, 45, 1, 33, 4, 1, 6, 22, 260, 27, 27, 31, 459, 22, 335, 201, 32, 24, 0, 13, 14, 24, 6, 118, 148, 20, 16, 25, 10, 1, 9, 27, 387, 439, 27, 297, 34, 34, 13, 248, 346, 29, 23, 28, 265, 26, 207, 228, 248, 231, 17, 167, 186, 193, 147, 1072, 434, 31, 151, 123, 52, 3, 126, 170, 106, 105, 32, 400, 9, 7, 22, 314, 134, 13, 19, 18, 142, 14, 263, 378, 20, 16, 4, 19, 14, 6, 17, 271, 63, 8, 25, 16, 13, 0, 16, 12, 134, 192, 42, 835, 13, 15, 28, 401, 13, 2, 2, 0, 16, 1, 21, 11, 12, 9, 3, 13, 8, 3, 16, 173, 181, 17, 34, 22, 23, 3, 37, 15, 28, 21, 5, 20, 3, 1, 3, 18, 52, 3, 7, 7, 34, 2, 32, 18, 8, 2, 5, 5, 1, 5, 4, 22, 135, 12, 40, 16, 24, 4, 30, 18, 316, 501, 45, 589, 29, 28, 31, 250, 35, 6, 14, 6, 42, 19, 25, 20, 32, 14, 7, 12, 27, 19, 23, 119, 57, 4, 19, 6, 7, 3, 2, 11, 9, 14, 5, 28, 2, 5, 1, 13, 125, 4, 25, 19, 259, 7, 332, 244, 18, 21, 5, 19, 12, 11, 20, 153, 5, 0, 1, 0, 0, 0, 0, 1, 10, 11, 2, 46, 3, 0, 2, 19, 11, 1, 3, 2, 12, 0, 24, 16, 12, 10, 2, 17, 5, 8, 21, 119, 151, 16, 30, 20, 18, 2, 24, 10, 16, 30, 3, 22, 2, 1, 2, 13, 411, 27, 45, 21, 852, 22, 537, 205, 26, 24, 2, 28, 22, 20, 19, 107, 193, 9, 12, 12, 17, 1, 14, 15, 415, 322, 22, 240, 21, 20, 30, 188, 494, 24, 16, 20, 403, 27, 243, 223, 327, 184, 14, 166, 149, 169, 126, 946, y
290, 9, 102, 18, 67, 1, 73, 61, 29, 35, 26, 216, 9, 2, 22, 132, 84, 11, 3, 1, 76, 6, 9, 34, 7, 2, 2, 4, 3, 14, 19, 51, 22, 8, 20, 7, 11, 1, 23, 9, 36, 79, 27, 300, 13, 7, 41, 202, 8, 3, 1, 2, 10, 1, 11, 16, 2, 14, 1, 13, 6, 3, 6, 64, 122, 3, 19, 3, 34, 1, 5, 7, 13, 13, 4, 8, 1, 1, 3, 3, 25, 3, 0, 1, 71, 1, 16, 4, 3, 2, 5, 1, 4, 7, 0, 8, 68, 3, 6, 3, 28, 1, 11, 10, 115, 174, 13, 101, 19, 7, 12, 63, 9, 4, 6, 0, 29, 2, 17, 1, 8, 11, 4, 15, 15, 4, 5, 25, 37, 1, 8, 3, 8, 1, 8, 9, 5, 5, 0, 34, 0, 2, 0, 18, 67, 13, 9, 3, 133, 15, 247, 38, 5, 9, 1, 21, 9, 18, 14, 98, 2, 1, 2, 1, 1, 0, 5, 3, 5, 11, 2, 50, 1, 1, 1, 16, 4, 1, 3, 2, 10, 0, 17, 15, 8, 16, 8, 23, 6, 15, 5, 85, 82, 7, 11, 3, 18, 2, 10, 2, 6, 22, 2, 4, 2, 0, 2, 11, 217, 23, 0, 4, 526, 48, 178, 72, 13, 2, 1, 21, 10, 46, 9, 102, 27, 2, 6, 1, 11, 1, 5, 10, 57, 96, 2, 67, 5, 7, 0, 30, 142, 3, 13, 6, 220, 25, 87, 86, 82, 47, 9, 59, 72, 135, 57, 458, 250, 15, 71, 65, 29, 7, 62, 18, 87, 49, 10, 180, 5, 2, 5, 58, 95, 7, 27, 2, 62, 3, 142, 5, 15, 10, 2, 16, 3, 2, 17, 30, 22, 2, 10, 5, 3, 2, 7, 8, 86, 115, 9, 160, 6, 4, 14, 141, 9, 3, 2, 4, 8, 2, 18, 3, 10, 5, 5, 10, 12, 7, 17, 103, 81, 13, 6, 6, 0, 1, 11, 5, 10, 1, 4, 6, 2, 3, 0, 9, 11, 1, 2, 6, 13, 1, 6, 14, 5, 1, 0, 0, 1, 4, 2, 9, 73, 7, 2, 12, 17, 2, 6, 5, 228, 229, 11, 177, 20, 21, 13, 110, 9, 1, 5, 3, 13, 2, 17, 11, 21, 12, 6, 8, 32, 2, 5, 79, 39, 6, 19, 25, 11, 6, 15, 9, 20, 12, 2, 18, 4, 1, 4, 16, 91, 5, 34, 30, 90, 6, 217, 152, 19, 6, 5, 14, 4, 6, 16, 57, 6, 4, 6, 0, 1, 0, 1, 4, 8, 4, 1, 6, 0, 1, 1, 8, 8, 1, 1, 2, 1, 0, 8, 8, 12, 9, 2, 5, 11, 6, 22, 66, 99, 17, 17, 15, 1, 1, 1, 4, 27, 13, 4, 19, 0, 5, 2, 9, 134, 11, 20, 11, 125, 10, 151, 87, 21, 17, 2, 9, 16, 16, 7, 43, 61, 12, 3, 8, 10, 0, 0, 10, 150, 218, 18, 116, 2, 18, 10, 88, 85, 8, 3, 12, 137, 5, 96, 101, 111, 116, 6, 71, 98, 104, 85, 530, 280, 9, 86, 73, 24, 7, 53, 44, 55, 27, 4, 67, 7, 9, 1, 16, 72, 11, 24, 4, 41, 3, 208, 157, 10, 4, 1, 1, 11, 12, 15, 68, 38, 2, 19, 15, 3, 1, 3, 0, 43, 44, 19, 68, 0, 11, 8, 32, 13, 1, 2, 7, 9, 1, 19, 5, 29, 8, 4, 9, 19, 5, 17, 99, 102, 11, 9, 15, 7, 3, 11, 12, 36, 26, 9, 16, 3, 6, 4, 7, 17, 0, 1, 1, 13, 0, 9, 11, 5, 1, 1, 3, 0, 2, 1, 14, 70, 10, 21, 28, 11, 1, 15, 6, 238, 77, 22, 9, 26, 20, 18, 74, 11, 7, 3, 4, 21, 6, 14, 12, 23, 11, 8, 8, 11, 8, 12, 78, 46, 11, 18, 12, 4, 3, 11, 10, 9, 17, 5, 12, 1, 2, 1, 3, 76, 16, 23, 15, 41, 2, 312, 243, 15, 17, 2, 26, 9, 2, 14, 92, 8, 0, 8, 3, 1, 1, 0, 4, 11, 9, 3, 9, 1, 3, 1, 12, 5, 1, 1, 3, 4, 1, 18, 15, 17, 5, 3, 20, 4, 4, 12, 103, 112, 14, 4, 19, 13, 3, 11, 4, 26, 25, 2, 20, 1, 1, 2, 8, 140, 9, 14, 18, 120, 18, 134, 97, 18, 13, 1, 6, 5, 17, 2, 70, 55, 15, 12, 22, 3, 1, 8, 15, 198, 238, 16, 137, 22, 20, 1, 102, 125, 16, 15, 15, 116, 9, 102, 122, 97, 121, 13, 92, 116, 118, 105, 608, 153, 10, 69, 64, 20, 3, 45, 48, 28, 40, 17, 272, 2, 1, 1, 39, 20, 1, 4, 2, 25, 8, 36, 132, 10, 6, 2, 6, 1, 2, 3, 97, 16, 0, 15, 10, 6, 0, 10, 7, 72, 111, 16, 656, 4, 8, 9, 234, 5, 1, 2, 2, 5, 1, 7, 1, 3, 6, 1, 9, 0, 1, 3, 79, 108, 6, 20, 17, 6, 3, 25, 7, 3, 6, 4, 4, 0, 3, 1, 6, 30, 0, 5, 4, 10, 4, 19, 7, 7, 2, 3, 4, 1, 5, 1, 14, 61, 9, 34, 3, 14, 4, 24, 14, 109, 167, 38, 407, 15, 5, 8, 128, 20, 5, 9, 6, 25, 13, 4, 8, 17, 10, 7, 3, 13, 11, 10, 39, 15, 1, 6, 2, 4, 3, 5, 5, 1, 5, 4, 15, 1, 0, 0, 5, 34, 0, 8, 0, 96, 4, 35, 31, 12, 11, 2, 8, 2, 2, 6, 45, 4, 0, 1, 2, 1, 1, 3, 0, 4, 10, 2, 36, 3, 2, 2, 11, 9, 2, 0, 1, 5, 2, 6, 4, 2, 7, 1, 7, 1, 6, 10, 40, 61, 5, 10, 4, 5, 1, 7, 2, 4, 15, 0, 1, 7, 1, 4, 0, 214, 3, 22, 3, 437, 1, 218, 37, 16, 2, 1, 16, 4, 4, 1, 32, 101, 1, 2, 0, 8, 1, 6, 1, 149, 104, 21, 103, 8, 10, 15, 53, 301, 15, 3, 3, 247, 15, 72, 80, 174, 96, 15, 107, 50, 93, 39, 428, y
